time,route_id,Warehouse_time,pack_time
0,135,0.8761059,0.9422291
1,135,0.8670437,0.94489574
2,135,0.8622306,0.9432162
3,135,0.8569027,0.9467808
4,135,0.8479064,0.9408685
5,135,0.84336936,0.94250023
6,135,0.83606833,0.94128734
7,135,0.8287276,0.95706856
8,135,0.83520764,0.9528553
9,135,0.8205644,0.94950306
10,135,0.8402379,0.9395973
11,135,0.81889516,0.93389595
12,135,0.87527335,0.9504727
13,135,0.8731985,0.9393238
14,135,0.8635831,0.9482416
15,135,0.8623012,0.9420401
16,135,0.85670394,0.9360852
17,135,0.849233,0.94435644
18,135,0.8352334,0.9371171
19,135,0.8399397,0.93565243
20,135,0.8313788,0.9312584
21,135,0.8277353,0.9381695
22,135,0.81720334,0.95210254
23,135,0.8176085,0.9367744
24,135,0.8786788,0.9387862
25,135,0.8729512,0.9443183
26,135,0.8616163,0.9460861
27,135,0.8511988,0.9468317
28,135,0.8460207,0.9465264
29,135,0.84015256,0.9477054
30,135,0.8394265,0.9531598
31,135,0.8276259,0.9673812
32,135,0.8235876,0.9622439
33,135,0.8261856,0.9632436
34,135,0.8176702,0.9567903
35,135,0.86480105,0.9364537
36,135,0.8447043,0.96014106
37,135,0.8616228,0.9522761
38,135,0.85508364,0.95459765
39,135,0.85795784,0.95179856
40,135,0.85857236,0.9546032
41,135,0.85530376,0.9536517
42,135,0.8513263,0.9478815
43,135,0.8449934,0.9492377
44,135,0.8512168,0.94200313
45,135,0.8406099,0.94606054
46,135,0.8243848,0.96503294
47,135,0.8215305,0.9367611
48,135,0.85824364,0.9528661
49,135,0.86980087,0.942593
50,135,0.8505044,0.9398041
51,135,0.8439574,0.93622255
52,135,0.85195637,0.9352871
53,135,0.8512993,0.9357216
54,135,0.85777634,0.9318856
55,135,0.832435,0.9420656
56,135,0.83792007,0.94075316
57,135,0.81506217,0.9413105
58,135,0.8601534,0.952607
59,135,0.8668113,0.929979
60,135,0.8625318,0.9449519
61,135,0.86732113,0.9335777
62,135,0.8502337,0.94929713
63,135,0.85269624,0.94370717
64,135,0.8574115,0.9426675
65,135,0.8256458,0.9392066
66,135,0.8322731,0.935284
67,135,0.83744586,0.93521565
68,135,0.82888377,0.9374564
69,135,0.81939584,0.94381154
70,135,0.8152135,0.9488033
71,135,0.81747425,0.93662196
72,135,0.87544805,0.95117235
73,135,0.8699802,0.94791573
74,135,0.8701658,0.94860286
75,135,0.8706409,0.94364595
76,135,0.86790055,0.9549015
77,135,0.86984456,0.957094
78,135,0.8619994,0.951682
79,135,0.8558583,0.96216786
80,135,0.85193616,0.9595049
81,135,0.8566453,0.9682229
82,135,0.8655025,0.9368005
83,135,0.86845493,0.93932027
84,135,0.87142116,0.9414568
85,135,0.8780154,0.9378835
86,135,0.8800456,0.9403018
87,135,0.8730717,0.9353584
88,135,0.8749871,0.9380851
89,135,0.87717724,0.9439416
90,135,0.8487215,0.94594204
91,135,0.85508174,0.941844
92,135,0.8486037,0.9502038
93,135,0.8410271,0.94706315
94,135,0.8493806,0.9321532
95,135,0.8291605,0.9403596
96,135,0.8780836,0.94873685
97,135,0.86775064,0.95550996
98,135,0.8677839,0.9541073
99,135,0.87126,0.9402382
100,135,0.85114825,0.94960517
101,135,0.8513255,0.94677097
102,135,0.8597928,0.9426896
103,135,0.8527392,0.9527143
104,135,0.8516682,0.9557721
105,135,0.8417491,0.954965
106,135,0.82755506,0.953997
107,135,0.8468605,0.9517473
108,135,0.86937064,0.97511244
109,135,0.875572,0.9552954
110,135,0.8800341,0.9548842
111,135,0.8967722,0.94303113
112,135,0.8754797,0.93658054
113,135,0.8827726,0.94459724
114,135,0.86046016,0.9410923
115,135,0.8647486,0.9390594
116,135,0.8677598,0.93608844
117,135,0.8499544,0.9469854
118,135,0.82398987,0.9447049
119,135,0.82187814,0.9406327
120,135,0.87486714,0.9422946
121,135,0.876013,0.94714844
122,135,0.85801566,0.9519466
123,135,0.86319625,0.9502779
124,135,0.8561996,0.9481638
125,135,0.85688245,0.9493963
126,135,0.8604061,0.9498478
127,135,0.8480854,0.96107996
128,135,0.8408554,0.95972174
129,135,0.81915677,0.9613137
130,135,0.8356644,0.94816506
131,135,0.83445036,0.9537543
132,135,0.84907025,0.9683116
133,135,0.875296,0.96691024
134,135,0.87026566,0.9550784
135,135,0.8859498,0.9490224
136,135,0.87986976,0.94124585
137,135,0.8752886,0.94378424
138,135,0.8655017,0.93934983
139,135,0.86246985,0.9386625
140,135,0.84091884,0.93726474
141,135,0.8214164,0.9451742
142,135,0.8289976,0.9338129
143,135,0.81284463,0.945899
144,135,0.85813415,0.9519084
145,135,0.85136473,0.9534548
146,135,0.84681416,0.9578436
147,135,0.848446,0.9553401
148,135,0.8510378,0.95661736
149,135,0.84184206,0.9501339
150,135,0.83054316,0.94574356
151,135,0.81477815,0.9597319
152,135,0.82264197,0.9716996
153,135,0.82603836,0.95430994
154,135,0.80426216,0.96644986
155,135,0.8257443,0.9526251
156,135,0.8302239,1.0074786
157,135,0.8467835,0.9923669
158,135,0.8436898,0.9753189
159,135,0.8329469,0.96816313
160,135,0.8427293,0.94210136
161,135,0.8476055,0.9278089
162,135,0.83638126,0.93888986
163,135,0.82550144,0.946377
164,135,0.8169897,0.93397504
165,135,0.80686224,0.93766963
166,135,0.81088275,0.93538225
167,135,0.80215037,0.943439
168,135,0.8558923,0.94439924
169,135,0.8457734,0.9471491
170,135,0.83814746,0.9455923
171,135,0.8379181,0.9443666
172,135,0.8266819,0.94440556
173,135,0.8230362,0.939315
174,135,0.81829405,0.9436652
175,135,0.8000118,0.94776803
176,135,0.78939366,0.9606803
177,135,0.80399686,0.95618665
178,135,0.78358424,0.956343
179,135,0.79020625,0.93224776
180,135,0.81999385,0.95673686
181,135,0.8447145,0.9435937
182,135,0.8433809,0.9423183
183,135,0.84956056,0.9445936
184,135,0.83674574,0.9479559
185,135,0.83366793,0.9471153
186,135,0.8250612,0.94944686
187,135,0.82638186,0.95069104
188,135,0.8140421,0.95041114
189,135,0.8195278,0.94864637
190,135,0.8080052,0.94500685
191,135,0.802773,0.9439637
192,135,0.87800241,1.00137913
193,135,0.85917336,0.97556496
194,135,0.85065049,1.00729799
195,135,0.84632337,1.00304902
196,135,0.82222182,0.97899723
197,135,0.77758038,1.00127888
198,135,0.80027544,0.96898884
199,135,0.83335882,0.97476262
200,135,0.82666588,1.01708996
201,135,0.82283026,0.95845997
202,135,0.86458772,1.03372252
203,135,0.86634666,0.95652038
204,135,0.8766911,1.00442207
205,135,0.84869212,0.95061809
206,135,0.87210405,0.95446855
207,135,0.8477959,0.97531271
208,135,0.86899203,1.01080191
209,135,0.86023897,0.97662914
210,135,0.84880507,0.97260433
211,135,0.84621233,0.98012418
212,135,0.82385325,0.85708869
213,135,0.83502924,0.63991624
214,135,0.87487626,0.65168053
215,135,0.84934235,0.26626924
216,135,0.92131078,0.95746982
217,135,0.90278769,0.95929903
218,135,0.85055226,0.9539476
219,135,0.86412078,0.98564905
220,135,0.8562907,0.97818899
221,135,0.87048274,0.96279389
222,135,0.86995113,0.97107083
223,135,0.87969851,0.97176522
224,135,0.88202143,0.8881759
225,135,0.85152686,0.90328377
226,135,0.9008193,0.93686903
227,135,0.85367525,0.95778477
228,135,0.85605842,0.95710629
229,135,0.89163846,0.99342346
230,135,0.84576899,0.96656328
231,135,0.86166173,0.95797676
232,135,0.87193251,0.97585547
233,135,0.87216496,0.97938854
234,135,0.87552172,0.96995103
235,135,0.87362057,0.98317641
236,135,0.86530775,0.91433799
237,135,0.86361545,0.76703846
238,135,0.87681407,0.85185158
239,135,0.88022369,0.40324116
0,192,0.8623889,0.94915026
1,192,0.86513615,0.95773476
2,192,0.8559207,0.95689714
3,192,0.8723979,0.96190816
4,192,0.874554,0.9453462
5,192,0.8398773,0.94966763
6,192,0.84480464,0.9515917
7,192,0.8269123,0.97259367
8,192,0.8302208,0.96098584
9,192,0.82210076,0.9578932
10,192,0.84617454,0.9423855
11,192,0.83243287,0.9398142
12,192,0.8486594,0.9374336
13,192,0.8437945,0.93219507
14,192,0.8376385,0.93119353
15,192,0.83191526,0.9349338
16,192,0.83286345,0.9394433
17,192,0.8223526,0.9273852
18,192,0.8122991,0.9314939
19,192,0.8190079,0.93017787
20,192,0.81149846,0.9284493
21,192,0.8059052,0.944146
22,192,0.7831256,0.9341608
23,192,0.7901972,0.94181097
24,192,0.86651266,0.9560553
25,192,0.8632479,0.9632062
26,192,0.8271767,0.9686308
27,192,0.84865093,0.96123
28,192,0.84548473,0.9641733
29,192,0.8306057,0.969257
30,192,0.84455603,0.9577848
31,192,0.81636494,0.9755429
32,192,0.81744146,0.96994364
33,192,0.81757367,0.96625125
34,192,0.82898223,0.95092267
35,192,0.84697884,0.95683956
36,192,0.82812464,0.96620446
37,192,0.8507055,0.955832
38,192,0.8380968,0.96583956
39,192,0.8422796,0.95771426
40,192,0.83056563,0.9588889
41,192,0.8201245,0.94875365
42,192,0.82009363,0.9496873
43,192,0.7985804,0.9496601
44,192,0.8100155,0.9428452
45,192,0.80591327,0.9490941
46,192,0.7821168,0.9435409
47,192,0.7771741,0.9379486
48,192,0.83715945,0.96282595
49,192,0.87054586,0.9506119
50,192,0.8404239,0.9635755
51,192,0.8398161,0.9609497
52,192,0.8384981,0.9639511
53,192,0.84022224,0.96098006
54,192,0.8491831,0.95983094
55,192,0.82501966,0.9536061
56,192,0.8210718,0.95375717
57,192,0.83011943,0.9538306
58,192,0.83341616,0.9517642
59,192,0.8396573,0.9469425
60,192,0.8358059,0.9546369
61,192,0.8264972,0.9604638
62,192,0.8059621,0.95253485
63,192,0.8261304,0.95708054
64,192,0.82520944,0.95416325
65,192,0.8263546,0.9485304
66,192,0.81558263,0.94481456
67,192,0.8232708,0.9396672
68,192,0.80318755,0.9327674
69,192,0.792158,0.947985
70,192,0.7815816,0.93540126
71,192,0.78594035,0.9357311
72,192,0.87252104,0.9715484
73,192,0.87325686,0.96824855
74,192,0.8562053,0.96561587
75,192,0.8431202,0.96616095
76,192,0.84649146,0.965196
77,192,0.8512378,0.95764244
78,192,0.8426405,0.9541036
79,192,0.86669123,0.95404947
80,192,0.847727,0.9597516
81,192,0.82839173,0.96451247
82,192,0.82302475,0.9685443
83,192,0.8228655,0.95428866
84,192,0.8584188,0.96064013
85,192,0.87125206,0.9541399
86,192,0.8494183,0.95695
87,192,0.83952963,0.946013
88,192,0.84626055,0.94295615
89,192,0.8660989,0.95926744
90,192,0.8391614,0.9660923
91,192,0.8407402,0.94863033
92,192,0.8355565,0.9582556
93,192,0.82124794,0.9577972
94,192,0.80906755,0.9484644
95,192,0.7734481,0.9575796
96,192,0.87703496,0.94661266
97,192,0.8802288,0.95592517
98,192,0.86528814,0.95220554
99,192,0.85462856,0.94900495
100,192,0.8256197,0.9579927
101,192,0.81521034,0.9561369
102,192,0.8281183,0.95345294
103,192,0.84762317,0.9619535
104,192,0.84682953,0.9590414
105,192,0.8354294,0.96226823
106,192,0.82777435,0.9318651
107,192,0.82414687,0.95434487
108,192,0.8161305,0.97722447
109,192,0.83982027,0.96465427
110,192,0.8504044,0.9510104
111,192,0.84573495,0.9258712
112,192,0.8337094,0.9473737
113,192,0.8298233,0.9306911
114,192,0.82680476,0.9389113
115,192,0.84679985,0.949738
116,192,0.8512375,0.9374219
117,192,0.8079127,0.9373592
118,192,0.8056675,0.9477314
119,192,0.79994667,0.94052887
120,192,0.8645895,0.9337069
121,192,0.85134536,0.96303624
122,192,0.8149675,0.9449608
123,192,0.83204144,0.95541763
124,192,0.8466665,0.9492585
125,192,0.8508377,0.9475719
126,192,0.834236,0.9488022
127,192,0.81229913,0.89622575
128,192,0.85330164,0.97616416
129,192,0.80176723,0.9540683
130,192,0.82577693,0.9464283
131,192,0.8125809,0.9436208
132,192,0.86080563,0.9924928
133,192,0.85996944,0.9627697
134,192,0.85811627,0.95015275
135,192,0.85569906,0.9616683
136,192,0.8547556,0.9542116
137,192,0.855917,0.9460058
138,192,0.81685275,0.94050187
139,192,0.8338577,0.937103
140,192,0.80523825,0.9435524
141,192,0.8373706,0.93710625
142,192,0.7863387,0.938892
143,192,0.7639427,0.9474865
144,192,0.85002327,0.93388385
145,192,0.844049,0.9275915
146,192,0.85917836,0.9348389
147,192,0.849387,0.9208039
148,192,0.8392898,0.9265386
149,192,0.80483454,0.9290258
150,192,0.8181673,0.9289767
151,192,0.8740975,0.9192783
152,192,0.79392374,0.95309037
153,192,0.8203083,0.9219724
154,192,0.80044615,0.9182456
155,192,0.8037761,0.9402936
156,192,0.8180159,0.95690393
157,192,0.8457049,0.96395195
158,192,0.83551425,0.959592
159,192,0.8352068,0.9607046
160,192,0.82630956,0.95614636
161,192,0.8323369,0.9521343
162,192,0.8278944,0.9427546
163,192,0.82843655,0.9393632
164,192,0.80698395,0.9387647
165,192,0.7990796,0.93811065
166,192,0.7895486,0.9285377
167,192,0.7719486,0.9448544
168,192,0.8008381,0.8646987
169,192,0.8124653,0.8626114
170,192,0.74388015,0.87001246
171,192,0.76016825,0.86260283
172,192,0.73701406,0.85904676
173,192,0.7479421,0.8578456
174,192,0.7586387,0.8533584
175,192,0.7585682,0.8696474
176,192,0.7731571,0.8627409
177,192,0.71848524,0.8498497
178,192,0.66009265,0.84087765
179,192,0.6983364,0.854893
180,192,0.7901631,0.9550953
181,192,0.8048781,0.94598454
182,192,0.8133869,0.9478728
183,192,0.81739914,0.9492396
184,192,0.8052333,0.9537226
185,192,0.81660604,0.9531528
186,192,0.77901065,0.9566822
187,192,0.76685077,0.96889937
188,192,0.78989327,0.9620136
189,192,0.7842305,0.95369023
190,192,0.7940141,0.95624435
191,192,0.76649296,0.96368325
192,192,0.76533324,0.89246231
193,192,0.75026888,0.87893564
194,192,0.77988786,0.88113302
195,192,0.79841387,0.87280464
196,192,0.78415728,0.88668686
197,192,0.76047659,0.83413786
198,192,0.8029744,0.84830213
199,192,0.69948077,0.89502537
200,192,0.68765575,0.88662142
201,192,0.71920049,0.88084054
202,192,0.78443182,0.89899552
203,192,0.82473522,0.95849073
204,192,0.83145505,0.94329631
205,192,0.8286258,0.9763422
206,192,0.7996031,0.95798862
207,192,0.80045813,1.00490403
208,192,0.82263041,0.95636266
209,192,0.82935005,0.97456229
210,192,0.84761018,0.90757543
211,192,0.83257049,0.79282123
212,192,0.82593828,0.5249027
213,192,0.84026432,0.38602462
214,192,0.7988705,0.31880653
215,192,0.83155811,0.08116074
216,192,0.7788378,0.96166086
217,192,0.78303903,0.92338681
218,192,0.76727527,0.9154827
219,192,0.76953673,0.90392941
220,192,0.76631403,0.90153909
221,192,0.77037942,0.87187487
222,192,0.79651916,0.8519339
223,192,0.72996753,0.89288348
224,192,0.75803453,0.90223622
225,192,0.80845773,0.84057254
226,192,0.84218651,0.95056021
227,192,0.85031456,0.95208979
228,192,0.83402973,0.96137172
229,192,0.79165691,0.98838121
230,192,0.80974919,0.98177016
231,192,0.81626248,0.95421404
232,192,0.82177585,0.94067389
233,192,0.81402248,0.96503097
234,192,0.81112295,0.95553231
235,192,0.83195162,0.86255348
236,192,0.81978929,0.84424013
237,192,0.80419517,0.4399524
238,192,0.84500009,0.42372191
239,192,0.83155376,0.04342675
0,225,0.9992279,0.9561556
1,225,0.9873682,0.96242094
2,225,0.98342645,0.9472763
3,225,0.9546564,0.95373213
4,225,1.0025113,0.93299925
5,225,0.9637845,0.9452669
6,225,0.95204484,0.9549071
7,225,0.95592105,0.9538616
8,225,0.93286246,0.9670367
9,225,0.93255824,0.9812586
10,225,0.9797778,0.9467443
11,225,0.9704462,0.9433473
12,225,0.982557,0.95015013
13,225,0.9909709,0.96089494
14,225,0.99078333,0.9552123
15,225,0.99056846,0.9545313
16,225,0.9768232,0.965453
17,225,0.97171384,0.9465457
18,225,0.94626,0.95450133
19,225,0.9714341,0.94869053
20,225,0.98251706,0.9525216
21,225,0.96944153,0.9449695
22,225,0.91149205,0.9685391
23,225,0.92116547,0.96496373
24,225,1.0110533,0.96342814
25,225,0.99803364,0.9584106
26,225,0.93160504,0.9548448
27,225,0.9662094,0.9588658
28,225,0.96124744,0.9682043
29,225,0.9575373,0.958224
30,225,0.95516175,0.9707469
31,225,0.9632206,0.9749381
32,225,0.9404098,0.9661342
33,225,0.91356945,0.9889544
34,225,0.9089495,1.0108709
35,225,0.96010256,0.9562236
36,225,1.0153004,0.94714373
37,225,1.0031369,0.9574345
38,225,1.0061283,0.95366037
39,225,0.99269164,0.959202
40,225,0.9996497,0.9516489
41,225,0.9727092,0.94875497
42,225,0.9738674,0.9483005
43,225,0.96545756,0.9508422
44,225,0.9409525,0.95244104
45,225,0.9561633,0.9638718
46,225,0.9197672,0.96414423
47,225,0.92346686,0.9638322
48,225,0.97768104,0.9576494
49,225,0.97686434,0.9393195
50,225,0.9510013,0.95813876
51,225,0.9401554,0.9552425
52,225,0.9712979,0.957091
53,225,0.97023165,0.94744796
54,225,0.9730197,0.96461564
55,225,0.9607981,0.98607063
56,225,0.95008886,0.9626891
57,225,0.9161159,0.9824007
58,225,0.96911967,0.97860193
59,225,0.9446837,0.95889056
60,225,0.96967155,0.9685931
61,225,0.96871233,0.9877437
62,225,0.9705068,0.985505
63,225,0.9976414,0.9729614
64,225,0.94377077,0.97255117
65,225,0.9475109,0.9661555
66,225,0.94419277,0.9595603
67,225,0.9491569,0.96947926
68,225,0.9547855,0.97035396
69,225,0.9580451,0.97643554
70,225,0.9283161,0.94770384
71,225,0.90278596,0.9588438
72,225,1.0427974,0.9573429
73,225,1.0300741,0.9571743
74,225,1.0176764,0.9564462
75,225,0.97706974,0.97171986
76,225,0.96754515,0.97167456
77,225,0.93940496,0.9730722
78,225,0.9484628,0.98147917
79,225,1.0084704,0.9527894
80,225,0.99162215,0.987368
81,225,0.982986,1.0200348
82,225,1.0232018,0.8746935
83,225,1.1130073,0.99564695
84,225,1.3994622,1.4803317
85,225,1.3958125,1.5126703
86,225,1.352635,1.5178297
87,225,1.3625665,1.5506828
88,225,1.3204076,1.6500981
89,225,1.2017157,1.6353219
90,225,1.3372905,1.5464469
91,225,1.2778499,1.5631063
92,225,1.3046559,1.5304282
93,225,1.2214216,1.5649797
94,225,1.2856084,1.6139431
95,225,1.284119,1.6237533
96,225,1.0455314,0.9519579
97,225,0.9821302,0.9804348
98,225,0.9792514,0.9463091
99,225,0.9129658,0.9464841
100,225,0.91896474,0.9170025
101,225,0.97696763,0.9382615
102,225,1.0091776,0.93479997
103,225,0.964229,0.9412802
104,225,0.9424785,0.9657257
105,225,0.9311336,0.9218575
106,225,0.95250094,0.9405328
107,225,0.95059806,0.9582583
108,225,0.94977266,0.97224486
109,225,0.97373736,1.0201894
110,225,0.95379865,0.86761343
111,225,1.0064242,0.9009882
112,225,1.1389494,0.8756874
113,225,1.132859,0.9850644
114,225,1.0766119,0.90729064
115,225,1.1624634,0.9969703
116,225,0.958735,0.95156115
117,225,1.1356213,0.952295
118,225,1.0913708,1.0262034
119,225,1.062506,0.99047977
120,225,1.0079806,0.96386015
121,225,0.9957198,0.96613294
122,225,0.9773296,0.98126495
123,225,0.9530339,0.9827095
124,225,0.9474309,0.96345454
125,225,0.96700066,0.9679557
126,225,0.932946,0.9632493
127,225,0.95437115,0.99043274
128,225,0.9376348,0.9520173
129,225,0.9376286,0.9859287
130,225,0.95102626,1.008974
131,225,0.95581114,0.98491955
132,225,0.9810446,0.984863
133,225,0.9986822,0.9570907
134,225,0.97880715,0.9589755
135,225,0.9752677,0.9772894
136,225,0.9702007,0.95213634
137,225,0.996484,0.98554724
138,225,0.965839,0.9475317
139,225,0.99226904,0.9513356
140,225,0.96990454,0.92775106
141,225,0.9610106,0.9023358
142,225,0.92677766,0.9664286
143,225,0.9394059,0.9316605
144,225,0.96200675,0.9598552
145,225,0.9779072,0.9409214
146,225,0.9445159,0.9547415
147,225,0.96087587,0.93544596
148,225,0.9325832,0.9401453
149,225,0.9485043,0.9347142
150,225,0.9462918,0.9362335
151,225,0.94529426,0.9188633
152,225,0.92904216,0.9590958
153,225,0.90337765,0.93663293
154,225,0.8953458,0.98889077
155,225,0.91592467,0.9519631
156,225,0.9553459,0.9904965
157,225,0.9520358,0.97553074
158,225,0.9654409,0.9735452
159,225,0.9585141,0.96064234
160,225,0.9604842,0.9693697
161,225,0.9551052,0.9535678
162,225,0.9351071,0.98438025
163,225,0.9227277,0.97966754
164,225,0.9584707,0.9716209
165,225,0.9424411,0.93881047
166,225,0.8992604,0.9721796
167,225,0.8829734,0.9553933
168,225,0.95692605,0.96342134
169,225,0.99243367,0.9418343
170,225,0.9588029,0.9353635
171,225,0.9686605,0.9481656
172,225,0.9720867,0.94855297
173,225,0.96902305,0.95606214
174,225,0.96908677,0.9425622
175,225,0.99464715,0.9390143
176,225,0.9653306,0.9657542
177,225,0.93993694,0.9435566
178,225,0.88365126,0.9590596
179,225,0.87121314,0.9340035
180,225,0.88797206,0.850165
181,225,0.84585685,0.84317636
182,225,0.8460019,0.8396486
183,225,0.84296703,0.864375
184,225,0.8325623,0.82024497
185,225,0.84949636,0.8120133
186,225,0.8440901,0.8262122
187,225,0.80783206,0.82964814
188,225,0.81767833,0.82041407
189,225,0.8320282,0.8277791
190,225,0.7962345,0.84592694
191,225,0.8056855,0.8378743
192,225,0.96768981,1.00399637
193,225,0.9757843,0.95314592
194,225,0.98782271,0.93074214
195,225,0.96076435,0.93944246
196,225,0.93691039,0.92627054
197,225,0.92227548,0.97132212
198,225,0.88473016,0.98835403
199,225,1.02219582,0.98013288
200,225,0.9310928,0.95165139
201,225,0.87817997,0.98651463
202,225,0.86169714,0.94990361
203,225,0.88901561,0.88607854
204,225,0.82897747,0.96930468
205,225,0.83312786,0.95452559
206,225,0.84267706,0.98474503
207,225,0.81352633,0.92116958
208,225,0.80787653,0.90012825
209,225,0.835935,0.88580096
210,225,0.83578706,0.48573995
211,225,0.80990726,0.43519831
212,225,0.79698426,0.25447312
213,225,0.76340318,0.06788531
214,225,0.8077293,0.02701273
215,225,0.79986024,0.04096187
216,225,0.95774949,0.98095411
217,225,0.9525367,0.95885783
218,225,0.95312023,0.99190259
219,225,0.94316137,0.95301795
220,225,0.89812243,0.97927266
221,225,0.90565467,0.99883711
222,225,0.89975899,0.97924054
223,225,0.95079213,0.92807347
224,225,0.94247067,0.95882368
225,225,0.88340455,1.01444507
226,225,0.87887216,0.96877784
227,225,0.87718773,1.02942908
228,225,0.8669011,1.02907622
229,225,0.89905977,0.99280012
230,225,0.89440811,0.99098456
231,225,0.88387388,0.95399916
232,225,0.8589555,0.86756015
233,225,0.8630836,0.67462403
234,225,0.86159289,0.3625885
235,225,0.88249487,0.1565118
236,225,0.78230667,0.49850333
237,225,0.79536635,0.04226787
238,225,0.79102838,0.05582482
239,225,0.78469515,0.05019907
0,239,0.91476375,0.9324045
1,239,0.89521855,0.9376961
2,239,0.88994074,0.93557596
3,239,0.8824765,0.93160784
4,239,0.8823584,0.93712854
5,239,0.8648716,0.93493193
6,239,0.86294556,0.93449
7,239,0.8598963,0.94770014
8,239,0.85867834,0.9410311
9,239,0.8623365,0.9385495
10,239,0.87298137,0.93894786
11,239,0.8994581,0.9245194
12,239,0.9073006,0.9389616
13,239,0.90252,0.92997754
14,239,0.898949,0.9365037
15,239,0.90112734,0.93258286
16,239,0.9002302,0.92952836
17,239,0.8847505,0.9287413
18,239,0.878821,0.93249595
19,239,0.87186366,0.9339042
20,239,0.87253463,0.93412364
21,239,0.8692765,0.93514824
22,239,0.8673126,0.9340936
23,239,0.86607,0.9323207
24,239,0.9268669,0.9310066
25,239,0.9216946,0.93400973
26,239,0.8999335,0.92944175
27,239,0.893768,0.9316943
28,239,0.89507115,0.9328879
29,239,0.8759424,0.9313938
30,239,0.87644863,0.9326646
31,239,0.86018145,0.95054275
32,239,0.85614824,0.9468082
33,239,0.86057156,0.94365466
34,239,0.8598728,0.93604755
35,239,0.88690645,0.93084276
36,239,0.89971703,0.9339138
37,239,0.9042513,0.933581
38,239,0.8963882,0.9328631
39,239,0.90012705,0.9307132
40,239,0.8965936,0.932028
41,239,0.89013606,0.9292601
42,239,0.8947357,0.92965734
43,239,0.88599813,0.93190014
44,239,0.8895987,0.9289173
45,239,0.8824603,0.9268073
46,239,0.889928,0.9348898
47,239,0.86940575,0.93119097
48,239,0.9009258,0.93125784
49,239,0.8990677,0.93292093
50,239,0.88832605,0.9309106
51,239,0.8894782,0.93112457
52,239,0.89109355,0.93126833
53,239,0.88955104,0.9312555
54,239,0.89073455,0.9298466
55,239,0.8684643,0.92995226
56,239,0.868127,0.92532396
57,239,0.8892105,0.92996323
58,239,0.9035784,0.92654353
59,239,0.8997277,0.9299113
60,239,0.9087682,0.9297571
61,239,0.90683764,0.93301713
62,239,0.91839635,0.93106955
63,239,0.91145533,0.9275581
64,239,0.91143763,0.9163772
65,239,0.8930651,0.9307413
66,239,0.88914406,0.929224
67,239,0.8880578,0.9324382
68,239,0.8795208,0.93140525
69,239,0.8637746,0.93020964
70,239,0.86409247,0.93067694
71,239,0.8743065,0.932556
72,239,0.90466404,0.92834365
73,239,0.90744764,0.93147117
74,239,0.9102909,0.933098
75,239,0.9031846,0.9330926
76,239,0.89413995,0.93200433
77,239,0.88064957,0.9283732
78,239,0.8691061,0.93204087
79,239,0.8707236,0.9331934
80,239,0.8660701,0.93218327
81,239,0.8891721,0.9237853
82,239,0.89768094,0.91447914
83,239,0.89523804,0.91367817
84,239,0.9081994,0.9290365
85,239,0.91190004,0.9298731
86,239,0.91731805,0.9298072
87,239,0.9114607,0.93847054
88,239,0.90922767,0.935336
89,239,0.90208644,0.9313725
90,239,0.8797885,0.9383424
91,239,0.8834602,0.93391067
92,239,0.875566,0.93582404
93,239,0.86965597,0.94269353
94,239,0.8806389,0.9266631
95,239,0.87794936,0.93795264
96,239,0.9254947,0.92432564
97,239,0.90530986,0.93003976
98,239,0.90588254,0.9314269
99,239,0.90518314,0.9318031
100,239,0.8914895,0.9321461
101,239,0.89262617,0.92895776
102,239,0.8989787,0.9239664
103,239,0.8803337,0.9422911
104,239,0.86898184,0.9406716
105,239,0.8650997,0.9366797
106,239,0.8828516,0.92517483
107,239,0.8863656,0.9242209
108,239,0.9025507,0.9373501
109,239,0.90834826,0.9464423
110,239,0.9204491,0.9300969
111,239,0.91968906,0.9373644
112,239,0.92013854,0.93491983
113,239,0.9041508,0.93694943
114,239,0.89442605,0.9380094
115,239,0.89423525,0.9369432
116,239,0.8831216,0.93715364
117,239,0.8714727,0.94218004
118,239,0.863242,0.9255454
119,239,0.8653902,0.9311369
120,239,0.9219597,0.93298244
121,239,0.90914047,0.93035877
122,239,0.8911239,0.9292075
123,239,0.89476043,0.92925185
124,239,0.88853055,0.9304242
125,239,0.8907418,0.9303625
126,239,0.89266074,0.9295777
127,239,0.8613823,0.9527276
128,239,0.864752,0.93851835
129,239,0.86696255,0.93027866
130,239,0.8706471,0.929523
131,239,0.87373656,0.92892236
132,239,0.89246,0.9383898
133,239,0.90526026,0.93419087
134,239,0.90456617,0.93146217
135,239,0.91628283,0.93395394
136,239,0.91356725,0.9288294
137,239,0.8917966,0.9314815
138,239,0.8813324,0.9303981
139,239,0.87843305,0.9290077
140,239,0.8731244,0.9296338
141,239,0.8768892,0.9305502
142,239,0.8689431,0.9298953
143,239,0.8505478,0.93210876
144,239,0.8984698,0.93008804
145,239,0.8861883,0.93238276
146,239,0.8778494,0.9279641
147,239,0.87857974,0.92743653
148,239,0.8738899,0.9258583
149,239,0.87951803,0.926921
150,239,0.87320006,0.9268855
151,239,0.85177624,0.93106157
152,239,0.8572475,0.9399581
153,239,0.876057,0.93899524
154,239,0.8524128,0.93530643
155,239,0.86477697,0.9262673
156,239,0.87387943,0.9377532
157,239,0.87316114,0.9419152
158,239,0.9011761,0.93719137
159,239,0.9032941,0.93534505
160,239,0.90273875,0.9316381
161,239,0.8952281,0.92709225
162,239,0.8957841,0.9303521
163,239,0.885887,0.930491
164,239,0.86989164,0.931557
165,239,0.86219853,0.9321351
166,239,0.85384816,0.93473876
167,239,0.83882207,0.93211925
168,239,0.89203626,0.93456507
169,239,0.87801075,0.9333488
170,239,0.86727583,0.930663
171,239,0.8634785,0.93134534
172,239,0.85924435,0.92907345
173,239,0.85973805,0.92935675
174,239,0.8450416,0.93086207
175,239,0.85603905,0.9321512
176,239,0.85779965,0.93180084
177,239,0.8546608,0.93251485
178,239,0.85634553,0.92722666
179,239,0.8491949,0.92649734
180,239,0.88139313,0.93580073
181,239,0.9018804,0.9336336
182,239,0.89133406,0.9314693
183,239,0.8982111,0.9291177
184,239,0.89086545,0.93002284
185,239,0.8782176,0.9279153
186,239,0.86935437,0.9293044
187,239,0.8694984,0.9282435
188,239,0.87003803,0.9345333
189,239,0.86584437,0.9302044
190,239,0.84736025,0.9328023
191,239,0.83840036,0.928786
192,239,0.92626178,0.94127178
193,239,0.91391671,0.98528457
194,239,0.89208859,0.98364419
195,239,0.90113521,0.95411915
196,239,0.88669217,0.95184064
197,239,0.90870279,0.93708581
198,239,0.86704594,0.93848681
199,239,0.87224799,0.95711309
200,239,0.89924586,0.9520365
201,239,0.89962131,0.98596972
202,239,0.88533479,0.99107838
203,239,0.95302796,0.95646197
204,239,0.94683969,0.95888376
205,239,0.9220823,0.96710992
206,239,0.88736004,0.94851363
207,239,0.90656102,0.94097036
208,239,0.89324778,0.95420831
209,239,0.89491206,0.95805568
210,239,0.90939289,0.98038167
211,239,0.88811308,0.98058844
212,239,0.91391492,0.97285235
213,239,0.90209359,0.94288915
214,239,0.87813193,0.88581562
215,239,0.860744,0.57937402
216,239,0.95266265,0.99507797
217,239,0.91215217,0.9837991
218,239,0.9272458,0.94708496
219,239,0.89853454,0.94514579
220,239,0.90586901,0.96500188
221,239,0.88561326,0.98573875
222,239,0.87936103,0.94031769
223,239,0.87133437,0.98207349
224,239,0.92561966,0.97544014
225,239,0.94224584,0.94886351
226,239,0.90137178,0.96221954
227,239,0.9171167,0.95533651
228,239,0.93052179,0.97742105
229,239,0.91406178,0.98192257
230,239,0.92023861,0.9952451
231,239,0.91844517,0.96362233
232,239,0.89031518,0.97004229
233,239,0.89418238,0.96983945
234,239,0.88218498,0.95563471
235,239,0.90757889,0.97423273
236,239,0.87300086,0.99660301
237,239,0.87673652,0.85998809
238,239,0.85499585,0.8225475
239,239,0.86244184,0.46993458
0,271,1.0583948,0.9174555
1,271,1.0397825,0.9275101
2,271,1.0409386,0.92890036
3,271,0.9905505,0.93367004
4,271,1.0112884,0.9316615
5,271,1.0132065,0.93436444
6,271,1.0133994,0.9493
7,271,1.0380509,0.93159723
8,271,1.0202847,0.9274154
9,271,1.0143855,0.9446753
10,271,1.0362718,0.9241459
11,271,1.0439243,0.9333208
12,271,1.0875535,0.93828285
13,271,1.081259,0.9407667
14,271,1.0628088,0.9418418
15,271,1.0436474,0.94225967
16,271,1.0494502,0.93878937
17,271,1.0347869,0.9371177
18,271,1.0264432,0.94633913
19,271,1.0318823,0.9431179
20,271,1.0352293,0.9479224
21,271,1.0245231,0.93715346
22,271,1.0264904,0.9307203
23,271,1.0158564,0.936622
24,271,1.0576565,0.92171156
25,271,1.0640641,0.9382089
26,271,1.0209919,0.9367158
27,271,1.036618,0.9384286
28,271,1.0151464,0.940827
29,271,1.0272743,0.9443797
30,271,1.0266432,0.9411775
31,271,1.015728,0.9410502
32,271,1.0228637,0.9288789
33,271,1.0254483,0.941342
34,271,1.0282434,0.9384537
35,271,1.0564616,0.9406843
36,271,1.0685036,0.93436706
37,271,1.0592453,0.9338927
38,271,1.0582949,0.9328089
39,271,1.0475729,0.9315373
40,271,1.04474,0.9357933
41,271,1.0599182,0.934142
42,271,1.0362839,0.9410585
43,271,1.0370463,0.93034536
44,271,1.0259749,0.9285903
45,271,1.010991,0.9333581
46,271,1.0271559,0.93636
47,271,1.0055082,0.93603885
48,271,1.0494694,0.9258421
49,271,1.0669858,0.92841756
50,271,1.0204182,0.9323718
51,271,1.0351104,0.93671656
52,271,1.0325329,0.9388987
53,271,1.0307685,0.93698645
54,271,1.0232241,0.9386543
55,271,1.0394279,0.93003094
56,271,1.015423,0.9343292
57,271,1.0247452,0.9279847
58,271,1.014583,0.9311123
59,271,1.0307533,0.9329525
60,271,1.0486681,0.93865836
61,271,1.0530407,0.9478656
62,271,1.0745246,0.9410397
63,271,1.0744046,0.9315489
64,271,1.061219,0.9356495
65,271,1.0504986,0.9435922
66,271,1.054772,0.93395805
67,271,1.0569036,0.93892443
68,271,1.0500466,0.93203706
69,271,1.0372654,0.9330182
70,271,1.0062754,0.93352115
71,271,1.013567,0.92815006
72,271,1.0467807,0.9338436
73,271,1.0285622,0.93494874
74,271,1.0292511,0.9308548
75,271,1.0136962,0.93216836
76,271,1.023992,0.9317155
77,271,1.0278919,0.93281823
78,271,1.0225351,0.9391225
79,271,1.0192636,0.9375243
80,271,1.0171716,0.9363326
81,271,1.0166132,0.931522
82,271,0.98225373,0.9225874
83,271,1.0003519,0.92179996
84,271,1.1059606,0.940625
85,271,1.1083229,0.9426055
86,271,1.0900544,0.94167167
87,271,1.0867378,0.95000106
88,271,1.0885752,0.9354769
89,271,1.0817059,0.93183804
90,271,1.0507151,0.94267714
91,271,1.0498435,0.943367
92,271,1.0465482,0.93927276
93,271,1.0430617,0.93665457
94,271,1.0373374,0.9354256
95,271,1.036722,0.9361593
96,271,1.045373,0.93513936
97,271,1.040794,0.93217486
98,271,1.0263344,0.93500507
99,271,1.0496466,0.929037
100,271,1.0073436,0.9332549
101,271,1.0048157,0.9343376
102,271,1.0162474,0.9370551
103,271,1.0171168,0.9380094
104,271,0.99625254,0.9364747
105,271,0.983446,0.93400604
106,271,0.985236,0.93526113
107,271,0.96791124,0.93574274
108,271,1.0632586,0.95239604
109,271,1.0787699,0.95761454
110,271,1.0678747,0.94559956
111,271,1.0723846,0.9412335
112,271,1.0836873,0.9336522
113,271,1.0618722,0.93444985
114,271,1.0703773,0.9397813
115,271,1.0278823,0.9328872
116,271,1.0312462,0.9397116
117,271,1.0452197,0.9397224
118,271,1.0048879,0.94321835
119,271,1.0201508,0.9387946
120,271,1.045631,0.9243782
121,271,1.0191793,0.93762505
122,271,0.9982268,0.9361828
123,271,1.0107801,0.94039136
124,271,1.014518,0.93809044
125,271,1.045023,0.9381676
126,271,1.0361192,0.9448494
127,271,0.97261924,0.95963496
128,271,1.0006436,0.9581307
129,271,1.018195,0.94678533
130,271,1.0193852,0.9324136
131,271,1.0201137,0.9314079
132,271,1.0713873,0.9504905
133,271,1.0998993,0.9449611
134,271,1.0942115,0.94717914
135,271,1.0745819,0.94401634
136,271,1.0730754,0.94461
137,271,1.0656565,0.9327914
138,271,1.0500576,0.9325768
139,271,1.0565426,0.92992723
140,271,1.041369,0.9270633
141,271,1.0167491,0.9333622
142,271,1.0176167,0.9348723
143,271,1.0194993,0.9360709
144,271,1.0468106,0.92439586
145,271,1.051659,0.92410076
146,271,1.0205753,0.9239502
147,271,1.0272096,0.9274653
148,271,1.0227869,0.9274122
149,271,0.99660146,0.92822134
150,271,0.99738234,0.9276657
151,271,1.0124677,0.9082257
152,271,0.9865838,0.8764005
153,271,0.98503095,0.8934614
154,271,1.0079621,0.8930353
155,271,0.9946267,0.9347528
156,271,1.0244104,0.94695675
157,271,1.0420774,0.9452771
158,271,1.0453894,0.95119506
159,271,1.0589598,0.91472036
160,271,1.0643407,0.9331668
161,271,1.0549577,0.9354625
162,271,1.0467403,0.94752157
163,271,1.045543,0.92668265
164,271,1.0184329,0.92832404
165,271,1.0258496,0.9192055
166,271,1.0251551,0.9391367
167,271,0.99608576,0.9475082
168,271,1.0485209,0.9314498
169,271,1.0282464,0.93220747
170,271,1.0359483,0.92981976
171,271,1.0271289,0.9334324
172,271,1.0173668,0.93286514
173,271,1.0209525,0.9302519
174,271,0.9976513,0.92941016
175,271,1.034044,0.9322213
176,271,1.047261,0.9288763
177,271,0.9777891,0.9391326
178,271,0.96256715,0.93203735
179,271,0.95664483,0.9319617
180,271,0.9925374,0.9259186
181,271,1.0084506,0.9086956
182,271,1.0515525,0.90344733
183,271,1.0188361,0.90651083
184,271,1.017783,0.8973371
185,271,1.0116415,0.9031042
186,271,1.013277,0.9048891
187,271,1.0079013,0.9064841
188,271,0.9911622,0.90102005
189,271,0.9907201,0.90491426
190,271,0.9737358,0.92093384
191,271,0.9739439,0.919207
192,271,1.08273387,0.99362981
193,271,1.06135607,0.95202154
194,271,1.03215826,0.93364936
195,271,1.06203103,0.95576137
196,271,1.03494167,0.93644613
197,271,1.03270686,1.0044868
198,271,1.0550499,0.94246781
199,271,1.05273724,0.97643673
200,271,1.01190555,0.98339438
201,271,0.99747652,0.9539659
202,271,1.04312444,0.98281693
203,271,1.03365231,0.93736231
204,271,1.05051827,0.95567167
205,271,1.01065207,0.91892564
206,271,1.05430257,0.93297577
207,271,1.02165568,0.93109512
208,271,1.03969634,0.91276026
209,271,1.0056659,0.91269451
210,271,0.98159355,0.93313658
211,271,0.97344738,0.53516704
212,271,0.96689522,0.23326634
213,271,0.94436395,0.09077383
214,271,0.95286196,0.04567435
215,271,0.97990739,0.01129721
216,271,1.06225646,0.98858416
217,271,1.01192391,0.94171435
218,271,1.04531384,0.9631604
219,271,1.01368809,0.96167672
220,271,1.0378046,1.00081801
221,271,1.01406431,1.01868689
222,271,1.00644672,0.96332932
223,271,0.96924812,0.9447099
224,271,1.04454482,0.96534866
225,271,1.03545952,0.8642891
226,271,1.03505528,0.92746443
227,271,1.01381862,0.93305272
228,271,1.03300536,0.94705206
229,271,1.04473543,0.92762804
230,271,1.01843977,0.95458513
231,271,1.0187037,0.96320546
232,271,1.00696933,0.9198615
233,271,0.99872482,0.93103653
234,271,1.05094445,0.5796169
235,271,0.99671656,0.35528731
236,271,0.9825123,0.44914794
237,271,0.95841891,0.03820649
238,271,0.92617983,0.01277858
239,271,0.90683293,0.01085071
0,293,0.9897505,0.94650966
1,293,0.98632133,0.95416486
2,293,0.97542477,0.94909286
3,293,0.95423144,0.9472893
4,293,0.9619896,0.9439887
5,293,0.9512417,0.9487381
6,293,0.92740744,0.95001125
7,293,0.9416137,0.95561284
8,293,0.93392724,0.9494809
9,293,0.9491962,0.9460559
10,293,0.9633719,0.9413518
11,293,0.9546623,0.93630123
12,293,1.0035855,0.9573299
13,293,0.9798833,0.94698465
14,293,0.9836224,0.95589036
15,293,0.9669963,0.9529213
16,293,0.968933,0.95399076
17,293,0.9744056,0.9511732
18,293,0.9730331,0.9495662
19,293,0.9594265,0.95225143
20,293,0.94661,0.95153254
21,293,0.9305515,0.94969845
22,293,0.9481904,0.94672763
23,293,0.91650563,0.9439742
24,293,0.96770954,0.95208806
25,293,0.9730485,0.9510363
26,293,0.98328465,0.94586545
27,293,0.9768284,0.9448205
28,293,0.9622677,0.94466466
29,293,0.9445837,0.9458782
30,293,0.9472119,0.947595
31,293,0.9370101,0.95807517
32,293,0.9381425,0.9666072
33,293,0.94368875,0.9658421
34,293,0.96496785,0.9589464
35,293,0.94698876,0.9353722
36,293,0.97479105,0.95563185
37,293,0.9735897,0.9538131
38,293,0.9701894,0.95351917
39,293,0.9764838,0.95158637
40,293,0.9725789,0.949024
41,293,0.9744045,0.93930674
42,293,0.9606776,0.9545928
43,293,0.9555317,0.9472141
44,293,0.95713484,0.9483749
45,293,0.94681674,0.94936246
46,293,0.9337286,0.9429552
47,293,0.9295869,0.9395016
48,293,1.0063764,0.95023793
49,293,0.9752363,0.9527615
50,293,0.9689251,0.94643915
51,293,0.9512989,0.94642556
52,293,0.94233626,0.95191306
53,293,0.9535729,0.9506934
54,293,0.94645464,0.9477353
55,293,0.953273,0.94557714
56,293,0.9550854,0.9420468
57,293,0.94719297,0.94155455
58,293,0.96086466,0.9448673
59,293,0.9654282,0.9481012
60,293,0.97758424,0.95581436
61,293,0.97606593,0.9587674
62,293,0.98462856,0.94964707
63,293,0.9904014,0.9479679
64,293,0.97799027,0.94915473
65,293,0.9805999,0.94722855
66,293,0.96545064,0.9414938
67,293,0.9852123,0.93832827
68,293,0.95586413,0.9488093
69,293,0.95325553,0.9521717
70,293,0.9550916,0.9401479
71,293,0.93691456,0.9416475
72,293,1.0068228,0.9416461
73,293,0.9793216,0.947209
74,293,0.97732794,0.94560254
75,293,0.9759332,0.9472353
76,293,0.9622606,0.9497005
77,293,0.9394315,0.9472874
78,293,0.9591359,0.94286424
79,293,0.9313035,0.94817716
80,293,0.9224369,0.9469617
81,293,0.9452888,0.9479373
82,293,0.96691495,0.9495074
83,293,0.979606,0.9263655
84,293,0.99414694,0.9484623
85,293,0.9966834,0.95120937
86,293,0.99649936,0.9525429
87,293,0.9632939,0.9537495
88,293,0.9895526,0.95337516
89,293,0.9800639,0.95319223
90,293,0.9710738,0.9540445
91,293,0.9687704,0.95800084
92,293,0.9594945,0.9574674
93,293,0.9617607,0.96005327
94,293,0.9471153,0.95173997
95,293,0.948504,0.9530586
96,293,0.98576677,0.9413988
97,293,0.98563015,0.94421494
98,293,0.9745636,0.9450876
99,293,0.9799825,0.941373
100,293,0.94963455,0.94058293
101,293,0.9549904,0.9423579
102,293,0.9449089,0.94045866
103,293,0.97303945,0.9503635
104,293,0.9520072,0.94689906
105,293,0.9509422,0.93664646
106,293,0.9302144,0.94866216
107,293,0.97386247,0.93715304
108,293,0.9673294,0.93785655
109,293,0.9668986,0.94185466
110,293,0.9897313,0.9347628
111,293,0.99101,0.93940514
112,293,0.9521651,0.9797661
113,293,0.95495385,0.952412
114,293,0.9656738,0.9568676
115,293,0.9487728,0.9553586
116,293,0.9741953,0.9164817
117,293,0.9767828,0.9458663
118,293,0.9781669,0.95793325
119,293,0.9413377,0.9474632
120,293,0.9834148,0.9368006
121,293,0.9599781,0.9472729
122,293,0.9632295,0.94723064
123,293,0.957064,0.9455687
124,293,0.95640266,0.94787824
125,293,0.9642995,0.9494486
126,293,0.96993554,0.94641554
127,293,0.9489191,0.94697094
128,293,0.94659823,0.95515764
129,293,0.9416544,0.94598925
130,293,0.94345886,0.93816864
131,293,0.9657903,0.9439014
132,293,0.97106373,0.95752716
133,293,0.9845174,0.94814175
134,293,0.9833957,0.94998825
135,293,0.9841958,0.95522374
136,293,0.9830651,0.9495222
137,293,0.9764298,0.95120925
138,293,0.97069913,0.9514065
139,293,0.96972036,0.95100194
140,293,0.95990866,0.9657375
141,293,0.93793404,0.95275986
142,293,0.9583844,0.9468628
143,293,0.93334705,0.9421325
144,293,0.99742925,0.96054375
145,293,0.9927343,0.9537015
146,293,0.99140185,0.9530829
147,293,0.9649003,0.95500344
148,293,0.96081257,0.9551486
149,293,0.9556529,0.95169485
150,293,0.94303864,0.95536315
151,293,0.9352415,0.961833
152,293,0.9664895,0.9488818
153,293,0.9500613,0.95307744
154,293,0.93566716,0.9462493
155,293,0.9507669,0.9539841
156,293,0.95448697,0.9570659
157,293,0.94583577,0.95534086
158,293,0.95694065,0.95503205
159,293,0.9612342,0.9575138
160,293,0.97428167,0.95540285
161,293,0.9899882,0.9495902
162,293,0.9701272,0.9465443
163,293,0.97126245,0.93934613
164,293,0.9477315,0.9441268
165,293,0.9372958,0.95041245
166,293,0.9603182,0.9502643
167,293,0.9290252,0.93767774
168,293,0.96579885,0.9487958
169,293,0.9586156,0.9476453
170,293,0.958492,0.94695437
171,293,0.95033455,0.9517171
172,293,0.95269203,0.9519218
173,293,0.94829655,0.95090353
174,293,0.9434832,0.9492591
175,293,0.95327413,0.9476716
176,293,0.9257759,0.9524296
177,293,0.89878476,0.94458896
178,293,0.9254918,0.9346938
179,293,0.8916338,0.94041234
180,293,0.93101203,0.92886907
181,293,0.9151683,0.9310406
182,293,0.91220224,0.9205591
183,293,0.9445527,0.92661935
184,293,0.93164843,0.91694164
185,293,0.89966726,0.91631615
186,293,0.92775154,0.9192088
187,293,0.897184,0.91664904
188,293,0.91231596,0.91627055
189,293,0.8909707,0.9167487
190,293,0.919844,0.9062234
191,293,0.8633922,0.91868085
192,293,0.97708946,0.98576599
193,293,0.95270091,0.97793472
194,293,0.94271386,1.00952554
195,293,0.94240516,0.98129755
196,293,0.96179038,0.96884441
197,293,0.95301586,1.00041866
198,293,0.93990856,1.01078844
199,293,0.96350044,0.98148972
200,293,0.92286134,0.97018272
201,293,0.93615931,0.99246061
202,293,0.94875491,1.0955267
203,293,0.95452499,1.03239691
204,293,0.93447697,0.98542833
205,293,0.92995638,0.94186342
206,293,0.91570556,0.9498567
207,293,0.94850963,0.94512844
208,293,0.91776234,0.93613559
209,293,0.93230093,0.96354604
210,293,0.90834975,0.98561049
211,293,0.84207416,0.94325173
212,293,0.86396396,0.66721135
213,293,0.85760081,0.27293333
214,293,0.85979855,0.38521689
215,293,0.80854726,0.09965812
216,293,0.97418326,1.00626361
217,293,0.99831879,0.95085144
218,293,0.95598602,0.99030155
219,293,0.94781303,0.98705637
220,293,0.95225585,1.00404799
221,293,0.99713832,0.98969811
222,293,0.98556066,1.02789938
223,293,0.96708864,0.99078703
224,293,0.98818475,1.01266849
225,293,1.00182414,1.06932831
226,293,1.0064801,1.00582886
227,293,0.99886763,1.02609205
228,293,0.95494837,1.00507426
229,293,0.94662386,0.9830966
230,293,0.96323001,0.9465366
231,293,0.93833899,0.95171547
232,293,0.92121089,0.96795827
233,293,0.89134878,0.96918607
234,293,0.88245392,0.92927849
235,293,0.86386603,0.87244189
236,293,0.88581592,0.8473497
237,293,0.82171363,0.29862738
238,293,0.85178167,0.40959552
239,293,0.81268221,0.09520062
0,304,0.93736804,0.9266039
1,304,0.9362319,0.9199249
2,304,0.9377058,0.92665577
3,304,0.9016754,0.93400574
4,304,0.90681756,0.9207665
5,304,0.89684945,0.9234732
6,304,0.8917756,0.9263767
7,304,0.901152,0.91746366
8,304,0.8850397,0.9439764
9,304,0.89882964,0.9322907
10,304,0.8976361,0.91427267
11,304,0.92814857,0.92141074
12,304,0.9417987,0.92947483
13,304,0.93143,0.93088406
14,304,0.93727577,0.9259003
15,304,0.92334586,0.93986547
16,304,0.916392,0.9352007
17,304,0.9200463,0.9220319
18,304,0.91865456,0.92168105
19,304,0.9001889,0.9334444
20,304,0.9169032,0.9003166
21,304,0.86528397,0.9252998
22,304,0.8957486,0.91147155
23,304,0.88795376,0.9082228
24,304,0.917175,0.9268168
25,304,0.9401824,0.9293928
26,304,0.9227454,0.9366625
27,304,0.91734064,0.93439835
28,304,0.91154116,0.9364889
29,304,0.8908331,0.9380746
30,304,0.89688575,0.9339361
31,304,0.8910719,0.92732227
32,304,0.8877619,0.9272145
33,304,0.8923395,0.9293925
34,304,0.9044446,0.9125867
35,304,0.92924464,0.9192955
36,304,0.9442646,0.926638
37,304,0.92966145,0.9277846
38,304,0.9300599,0.92825955
39,304,0.9310175,0.9264002
40,304,0.9246583,0.9157281
41,304,0.9063695,0.908018
42,304,0.9123359,0.9121445
43,304,0.89775693,0.9167093
44,304,0.88411885,0.9262845
45,304,0.8850314,0.91705877
46,304,0.8807106,0.9166762
47,304,0.87406635,0.91314965
48,304,0.94773686,0.91264075
49,304,0.91965884,0.9168662
50,304,0.9100361,0.9437935
51,304,0.9139705,0.919106
52,304,0.90078783,0.9300186
53,304,0.90526783,0.9228697
54,304,0.90060014,0.9223107
55,304,0.874965,0.91735756
56,304,0.89681804,0.91157854
57,304,0.8781041,0.90176755
58,304,0.90751755,0.9114264
59,304,0.9092261,0.90494347
60,304,0.92479724,0.9441031
61,304,0.9249821,0.9409956
62,304,0.9459774,0.9354808
63,304,0.9439066,0.9223279
64,304,0.93588126,0.9213707
65,304,0.9126059,0.9309014
66,304,0.9162304,0.91120595
67,304,0.9149438,0.92074776
68,304,0.8689726,0.9304339
69,304,0.8740266,0.91691524
70,304,0.9094828,0.91377765
71,304,0.9021512,0.9095274
72,304,0.9421514,0.9278301
73,304,0.9322297,0.9297808
74,304,0.937599,0.9270199
75,304,0.93663645,0.93169564
76,304,0.9257005,0.93049586
77,304,0.90576047,0.92500114
78,304,0.9166063,0.9292305
79,304,0.92527723,0.93416995
80,304,0.9182289,0.93976057
81,304,0.9182191,0.9247597
82,304,0.9288534,0.92797214
83,304,0.93066376,0.90271264
84,304,0.94459236,0.92334557
85,304,0.9396793,0.9088586
86,304,0.9571996,0.9155816
87,304,0.9551467,0.92011195
88,304,0.9614336,0.93298465
89,304,0.9350602,0.9203374
90,304,0.9196426,0.921542
91,304,0.9275697,0.91268694
92,304,0.92342156,0.9251057
93,304,0.9085563,0.94037265
94,304,0.92135125,0.9165829
95,304,0.8999702,0.9275991
96,304,0.9359249,0.93505776
97,304,0.9279114,0.92719525
98,304,0.9370545,0.9325727
99,304,0.9510595,0.893404
100,304,0.9037323,0.91498625
101,304,0.906016,0.91331995
102,304,0.9133584,0.9237648
103,304,0.86490345,0.91850555
104,304,0.8664621,0.913236
105,304,0.9061904,0.92208517
106,304,0.8857044,0.92785156
107,304,0.90766174,0.9150361
108,304,0.9118074,0.92351043
109,304,0.95565224,0.92967546
110,304,0.9490104,0.90227854
111,304,0.92901623,0.9072707
112,304,0.9335666,0.91207534
113,304,0.9156996,0.90658027
114,304,0.9247762,0.9084903
115,304,0.91590273,0.9100323
116,304,0.9199465,0.94212407
117,304,0.90565234,0.9276827
118,304,0.8923578,0.9326042
119,304,0.9091843,0.9243902
120,304,0.9649688,0.930491
121,304,0.9239275,0.92672044
122,304,0.89632636,0.9308378
123,304,0.9036692,0.9255708
124,304,0.90983456,0.9273534
125,304,0.9111434,0.9296341
126,304,0.91044885,0.9255416
127,304,0.9191292,0.86283714
128,304,0.8953872,0.9334976
129,304,0.89267874,0.91811436
130,304,0.8860219,0.92124635
131,304,0.8951804,0.92290413
132,304,0.91972905,0.9756195
133,304,0.9317168,0.9591379
134,304,0.9339706,0.94201213
135,304,0.93217194,0.98059595
136,304,0.9434578,0.93577594
137,304,0.9389936,0.939814
138,304,0.9188784,0.937331
139,304,0.9116932,0.9301239
140,304,0.92082626,0.93492997
141,304,0.89575213,0.92841655
142,304,0.9098306,0.90949
143,304,0.8853693,0.91235065
144,304,0.90788364,0.9241454
145,304,0.9014899,0.91781694
146,304,0.90010726,0.9205369
147,304,0.9024628,0.91765106
148,304,0.8937476,0.91549206
149,304,0.90036565,0.9161439
150,304,0.8906288,0.9186553
151,304,0.8794158,0.922023
152,304,0.8952273,0.924864
153,304,0.8850354,0.9258482
154,304,0.8819081,0.9160817
155,304,0.89106447,0.91350925
156,304,0.9000576,0.95092237
157,304,0.91371983,0.9524457
158,304,0.90895545,0.92809105
159,304,0.9404794,0.93947136
160,304,0.9375542,0.9315583
161,304,0.9288198,0.9265138
162,304,0.9319633,0.9146245
163,304,0.9268138,0.92840654
164,304,0.902016,0.92208004
165,304,0.8993128,0.9165271
166,304,0.893798,0.92841494
167,304,0.8971488,0.90742046
168,304,0.93526185,0.92460984
169,304,0.9118249,0.92691386
170,304,0.92509305,0.9247835
171,304,0.88384235,0.92676336
172,304,0.9015104,0.9230852
173,304,0.90148574,0.92208326
174,304,0.87923634,0.92341745
175,304,0.885883,0.9064342
176,304,0.86122024,0.9233303
177,304,0.85904056,0.91833943
178,304,0.8387748,0.92210877
179,304,0.867661,0.9111562
180,304,0.91845196,0.9195755
181,304,0.9120644,0.923138
182,304,0.9021025,0.91937274
183,304,0.9121354,0.92693317
184,304,0.9165906,0.9184116
185,304,0.9040804,0.9170264
186,304,0.8964037,0.9230299
187,304,0.89139664,0.9234204
188,304,0.8964406,0.90840614
189,304,0.8745669,0.9230291
190,304,0.8970234,0.92526734
191,304,0.8594095,0.9230319
192,304,0.93311602,0.94772696
193,304,0.92953271,0.95612872
194,304,0.87249678,0.9717319
195,304,0.90161556,0.93636775
196,304,0.87385088,0.98321635
197,304,0.89493769,0.93568766
198,304,0.89503402,0.97210288
199,304,0.86197573,0.94107115
200,304,0.90674514,0.95525122
201,304,0.87788928,0.92818868
202,304,0.92655683,0.8755433
203,304,0.96238995,0.91026855
204,304,0.97796446,0.93021697
205,304,0.92852068,0.93725723
206,304,0.94351196,0.93990791
207,304,0.90515238,0.98000848
208,304,0.89657485,0.93533045
209,304,0.88741595,0.99044198
210,304,0.88105315,0.93229008
211,304,0.87702197,0.94720674
212,304,0.92395085,0.92570168
213,304,0.90519136,0.79029942
214,304,0.9165296,0.62337512
215,304,0.92085791,0.43871996
216,304,0.96051145,0.94096786
217,304,0.9240694,0.98764694
218,304,0.89540511,0.95869881
219,304,0.91287839,0.96359843
220,304,0.88394362,0.96753556
221,304,0.86201036,0.94837672
222,304,0.88853312,0.98646271
223,304,0.90138036,0.9797098
224,304,0.92618448,0.9426865
225,304,0.90051389,0.91523808
226,304,0.97413361,0.92257577
227,304,0.97344589,0.94964975
228,304,0.94613844,0.96411139
229,304,0.92465615,0.96436417
230,304,0.90942806,0.94181937
231,304,0.92867863,0.95474213
232,304,0.92867255,0.95911449
233,304,0.90936124,0.94888496
234,304,0.89540273,0.96279627
235,304,0.8831147,0.97047788
236,304,0.88978094,0.93307662
237,304,0.87776339,0.79000765
238,304,0.93230617,0.80846947
239,304,0.88412428,0.4160215
